round,user,reputation
1,user1,51
1,user2,50
1,user3,59
1,user4,45
1,user5,48
1,user6,57
1,user7,57
1,user8,46
1,user9,52
1,user10,60
1,user11,53
1,user12,42
1,user13,40
1,user14,46
1,user15,54
1,user16,46
1,user17,52
1,user18,41
1,user19,60
1,user20,46
1,user21,40
1,user22,41
1,user23,40
1,user24,52
1,user25,53
1,user26,53
1,user27,59
1,user28,45
1,user29,53
1,user30,58
1,user31,60
1,user32,46
1,user33,58
1,user34,56
1,user35,60
1,user36,58
1,user37,50
1,user38,44
1,user39,47
1,user40,59
1,user41,56
1,user42,50
1,user43,59
1,user44,43
1,user45,46
1,user46,46
1,user47,41
1,user48,44
1,user49,55
1,user50,41
1,user51,46
1,user52,54
1,user53,44
1,user54,59
1,user55,43
1,user56,55
1,user57,57
1,user58,56
1,user59,49
1,user60,44
1,user61,44
1,user62,44
1,user63,42
1,user64,56
1,user65,58
1,user66,53
1,user67,49
1,user68,55
1,user69,59
1,user70,58
1,user71,60
1,user72,46
1,user73,50
1,user74,43
1,user75,47
1,user76,49
1,user77,53
1,user78,42
1,user79,58
1,user80,51
1,user81,45
1,user82,47
1,user83,45
1,user84,45
1,user85,49
1,user86,45
1,user87,53
1,user88,43
1,user89,48
1,user90,44
1,user91,55
1,user92,56
1,user93,53
1,user94,45
1,user95,46
1,user96,59
1,user97,42
1,user98,48
1,user99,51
1,user100,58
2,user1,51
2,user2,50
2,user3,59
2,user4,45
2,user5,48
2,user6,57
2,user7,57
2,user8,46
2,user9,52
2,user10,60
2,user11,53
2,user12,42
2,user13,40
2,user14,46
2,user15,54
2,user16,46
2,user17,52
2,user18,41
2,user19,60
2,user20,46
2,user21,40
2,user22,41
2,user23,40
2,user24,52
2,user25,53
2,user26,53
2,user27,59
2,user28,45
2,user29,53
2,user30,58
2,user31,60
2,user32,46
2,user33,58
2,user34,56
2,user35,60
2,user36,58
2,user37,50
2,user38,44
2,user39,47
2,user40,59
2,user41,56
2,user42,50
2,user43,59
2,user44,43
2,user45,46
2,user46,46
2,user47,41
2,user48,44
2,user49,55
2,user50,41
2,user51,46
2,user52,54
2,user53,44
2,user54,59
2,user55,43
2,user56,55
2,user57,57
2,user58,56
2,user59,49
2,user60,44
2,user61,44
2,user62,44
2,user63,42
2,user64,56
2,user65,58
2,user66,53
2,user67,49
2,user68,55
2,user69,59
2,user70,58
2,user71,60
2,user72,46
2,user73,50
2,user74,43
2,user75,47
2,user76,49
2,user77,53
2,user78,42
2,user79,58
2,user80,51
2,user81,45
2,user82,47
2,user83,45
2,user84,45
2,user85,49
2,user86,45
2,user87,53
2,user88,43
2,user89,48
2,user90,44
2,user91,55
2,user92,56
2,user93,53
2,user94,45
2,user95,46
2,user96,59
2,user97,42
2,user98,48
2,user99,51
2,user100,58
3,user1,51
3,user2,50
3,user3,59
3,user4,45
3,user5,48
3,user6,57
3,user7,57
3,user8,46
3,user9,52
3,user10,60
3,user11,53
3,user12,42
3,user13,40
3,user14,46
3,user15,54
3,user16,46
3,user17,52
3,user18,41
3,user19,60
3,user20,46
3,user21,40
3,user22,41
3,user23,40
3,user24,52
3,user25,53
3,user26,53
3,user27,59
3,user28,45
3,user29,53
3,user30,58
3,user31,60
3,user32,46
3,user33,58
3,user34,56
3,user35,60
3,user36,58
3,user37,50
3,user38,44
3,user39,47
3,user40,59
3,user41,56
3,user42,50
3,user43,59
3,user44,43
3,user45,46
3,user46,46
3,user47,41
3,user48,44
3,user49,55
3,user50,41
3,user51,46
3,user52,54
3,user53,44
3,user54,59
3,user55,43
3,user56,55
3,user57,57
3,user58,56
3,user59,49
3,user60,44
3,user61,44
3,user62,44
3,user63,42
3,user64,56
3,user65,58
3,user66,53
3,user67,49
3,user68,55
3,user69,59
3,user70,58
3,user71,60
3,user72,46
3,user73,50
3,user74,43
3,user75,47
3,user76,49
3,user77,53
3,user78,42
3,user79,58
3,user80,51
3,user81,45
3,user82,47
3,user83,45
3,user84,45
3,user85,49
3,user86,45
3,user87,53
3,user88,43
3,user89,48
3,user90,44
3,user91,55
3,user92,56
3,user93,53
3,user94,45
3,user95,46
3,user96,59
3,user97,42
3,user98,48
3,user99,51
3,user100,58
4,user1,51
4,user2,50
4,user3,59
4,user4,45
4,user5,48
4,user6,57
4,user7,57
4,user8,46
4,user9,52
4,user10,60
4,user11,53
4,user12,42
4,user13,40
4,user14,46
4,user15,54
4,user16,46
4,user17,52
4,user18,41
4,user19,60
4,user20,46
4,user21,40
4,user22,41
4,user23,40
4,user24,52
4,user25,53
4,user26,53
4,user27,59
4,user28,45
4,user29,53
4,user30,58
4,user31,60
4,user32,46
4,user33,58
4,user34,56
4,user35,60
4,user36,58
4,user37,50
4,user38,44
4,user39,47
4,user40,59
4,user41,56
4,user42,50
4,user43,59
4,user44,43
4,user45,46
4,user46,46
4,user47,41
4,user48,44
4,user49,55
4,user50,41
4,user51,46
4,user52,54
4,user53,44
4,user54,59
4,user55,43
4,user56,55
4,user57,57
4,user58,56
4,user59,49
4,user60,44
4,user61,44
4,user62,44
4,user63,42
4,user64,56
4,user65,58
4,user66,53
4,user67,49
4,user68,55
4,user69,59
4,user70,58
4,user71,60
4,user72,46
4,user73,50
4,user74,43
4,user75,47
4,user76,49
4,user77,53
4,user78,42
4,user79,58
4,user80,51
4,user81,45
4,user82,47
4,user83,45
4,user84,45
4,user85,49
4,user86,45
4,user87,53
4,user88,43
4,user89,48
4,user90,44
4,user91,55
4,user92,56
4,user93,53
4,user94,45
4,user95,46
4,user96,59
4,user97,42
4,user98,48
4,user99,51
4,user100,58
